[{"line":1,"elements":[{"start_timestamp":"2024-12-09T04:59:57.463Z","line":4,"name":"Validate the login functionality with valid credentials","description":"","id":"login-functionality;validate-the-login-functionality-with-valid-credentials","type":"scenario","keyword":"Scenario","steps":[{"result":{"duration":7561834900,"status":"passed"},"line":5,"name":"user open browser","match":{"location":"stepDefination.HRMLogin.user_open_browser()"},"keyword":"Given "},{"result":{"duration":6183386800,"status":"passed"},"line":6,"name":"user open the application","match":{"location":"stepDefination.HRMLogin.user_open_the_application()"},"keyword":"And "},{"result":{"duration":557437000,"status":"passed"},"line":7,"name":"user enters username and password","match":{"location":"stepDefination.HRMLogin.user_enters_username_and_password()"},"keyword":"When "},{"result":{"duration":5160972500,"status":"passed"},"line":8,"name":"user clicks the login button","match":{"location":"stepDefination.HRMLogin.user_clicks_the_login_button()"},"keyword":"And "},{"result":{"duration":1409200,"status":"passed"},"line":9,"name":"user should succussfully completed the login functionality","match":{"location":"stepDefination.HRMLogin.user_should_succussfully_completed_the_login_functionality()"},"keyword":"Then "},{"result":{"status":"undefined"},"line":10,"name":"user should naviagated into DashBoard page","match":{},"keyword":"And "}],"tags":[{"name":"@Smoke"}]}],"name":"Login Functionality","description":"","id":"login-functionality","keyword":"Feature","uri":"file:src/test/java/features/login.feature","tags":[]}]